date,date_idx,time,cam,m_s,m_i,bg_mean,bg_rms
20251027,0,2025-10-27 20:16:59.904000,CMOS,2.5,32.33285434831932,1572.0927734375,60.4560661315918
20251027,0,2025-10-27 20:18:16.886000,CMOS,5.0,32.340942066016076,951.7422485351562,47.83632659912109
20251027,0,2025-10-27 20:19:37.372500,CMOS,7.5,32.349398115892534,280.5000915527344,26.214381217956543
20251027,0,2025-10-27 20:20:57.902000,CMOS,10.0,32.357854889930174,177.1750335693359,21.54811668395996
20251027,0,2025-10-27 20:22:17.887000,CMOS,12.5,32.3662598546921,124.0339050292969,18.53123664855957
20251027,0,2025-10-27 20:23:37.456000,CMOS,15.0,32.37461299658685,96.02051162719728,16.66374683380127
20251027,0,2025-10-27 20:17:00.974000,SWIR,2.5,32.33290686384237,3853.59765625,35.5214958190918
20251027,0,2025-10-27 20:18:17.977500,SWIR,5.0,32.340994585842914,1735.7871704101565,26.009492874145508
20251027,0,2025-10-27 20:19:37.976500,SWIR,7.5,32.349398115892534,881.550048828125,20.545820236206055
20251027,0,2025-10-27 20:20:57.975500,SWIR,10.0,32.35780236116439,717.2265014648438,19.72596645355225
20251027,0,2025-10-27 20:22:17.975500,SWIR,12.5,32.366207321457566,621.617431640625,19.23743152618409
20251027,0,2025-10-27 20:23:37.978000,SWIR,15.0,32.37461299658685,552.3094177246094,18.97264862060547
20251029,2,2025-10-29 21:21:14.906000,CMOS,2.5,52.24903451692789,4536.16064453125,102.8395462036133
20251029,2,2025-10-29 21:22:28.904000,CMOS,5.0,52.25776995622768,2826.876220703125,82.59882354736328
20251029,2,2025-10-29 21:23:48.922000,CMOS,7.5,52.267213856965114,760.0086059570312,42.03958892822266
20251029,2,2025-10-29 21:25:10.404000,CMOS,10.0,52.27683502559442,460.38011169433594,33.1949577331543
20251029,2,2025-10-29 21:26:29.888000,CMOS,12.5,52.28622028100668,312.7001342773438,27.30703735351562
20251029,2,2025-10-29 21:27:50.938000,CMOS,15.0,52.29578280847028,235.1235809326172,24.04505157470703
20251029,2,2025-10-29 21:21:17.973000,SWIR,2.5,52.24932963047168,10827.2978515625,63.80067443847656
20251029,2,2025-10-29 21:22:30.477000,SWIR,5.0,52.257888003818614,4450.24365234375,43.01655960083008
20251029,2,2025-10-29 21:23:49.477000,SWIR,7.5,52.267213856965114,1712.603881835938,24.01117515563965
20251029,2,2025-10-29 21:25:10.477000,SWIR,10.0,52.27677599941784,1224.990966796875,21.42684745788574
20251029,2,2025-10-29 21:26:29.977000,SWIR,12.5,52.286161253663906,946.4072875976562,20.64026355743408
20251029,2,2025-10-29 21:27:49.475000,SWIR,15.0,52.295546694354286,810.4031982421875,19.82036590576172
20251030,3,2025-10-30 21:54:07.895000,CMOS,2.5,62.72636705903779,6316.21484375,121.8569030761719
20251030,3,2025-10-30 21:55:23.877000,CMOS,5.0,62.73535188738181,4168.59130859375,101.818473815918
20251030,3,2025-10-30 21:56:44.898000,CMOS,7.5,62.74492764476182,985.5297241210938,48.06574249267578
20251030,3,2025-10-30 21:58:04.880000,CMOS,10.0,62.754385002161094,593.1503295898438,37.90668487548828
20251030,3,2025-10-30 21:59:25.944000,CMOS,12.5,62.76396039314201,393.5954284667969,30.50826072692871
20251030,3,2025-10-30 22:00:44.941000,CMOS,15.0,62.773299176590406,297.0414428710938,26.66658401489258
20251030,3,2025-10-30 21:54:07.475000,SWIR,2.5,62.72624883653693,11974.5380859375,111.7476654052734
20251030,3,2025-10-30 21:55:24.978000,SWIR,5.0,62.73541099755592,6411.501708984375,58.405059814453125
20251030,3,2025-10-30 21:56:44.977500,SWIR,7.5,62.7448685357072,2056.4158935546875,25.554214477539062
20251030,3,2025-10-30 21:58:04.478000,SWIR,10.0,62.75426678630407,1352.873657226562,22.3989315032959
20251030,3,2025-10-30 21:59:24.976000,SWIR,12.5,62.76378307276141,958.5862426757812,20.68515682220459
20251030,3,2025-10-30 22:00:44.977000,SWIR,15.0,62.77324007091643,772.6928405761719,19.59839630126953
20251031,4,2025-10-31 22:26:41.918000,CMOS,2.5,72.97381128721125,9393.109375,149.7215728759766
20251031,4,2025-10-31 22:27:59.945000,CMOS,5.0,72.98260009879543,6227.60009765625,126.8348388671875
20251031,4,2025-10-31 22:29:19.902000,CMOS,7.5,72.99161363266025,1460.676391601562,58.32614135742188
20251031,4,2025-10-31 22:30:40.903000,CMOS,10.0,73.00073918333351,878.462646484375,44.91032028198242
20251031,4,2025-10-31 22:31:59.918000,CMOS,12.5,73.00963877900631,644.0494384765625,39.32648468017578
20251031,4,2025-10-31 22:33:19.932000,CMOS,15.0,73.01865039057098,508.2095642089844,34.99155807495117
20251031,4,2025-10-31 22:26:42.975000,SWIR,2.5,72.97386762767155,12015.6025390625,112.1360893249512
20251031,4,2025-10-31 22:27:59.976500,SWIR,5.0,72.98254376218176,8618.49462890625,73.90690994262695
20251031,4,2025-10-31 22:29:19.976500,SWIR,7.5,72.99155730004864,2703.8304443359375,28.45160007476807
20251031,4,2025-10-31 22:30:39.978000,SWIR,10.0,73.00057019761223,1739.8943481445317,24.173229217529297
20251031,4,2025-10-31 22:31:59.977500,SWIR,12.5,73.00958245440575,1236.429931640625,21.62635135650635
20251031,4,2025-10-31 22:33:19.976500,SWIR,15.0,73.01859406997761,1054.8173828125,21.07802867889404
20251101,5,2025-11-01 22:58:59.400000,CMOS,2.5,82.43112559349039,13191.52978515625,178.54483032226565
20251101,5,2025-11-01 23:00:15.899000,CMOS,5.0,82.43878934816891,8136.41650390625,146.4384155273438
20251101,5,2025-11-01 23:01:36.899000,CMOS,7.5,82.44690273341553,2125.337646484375,70.1897964477539
20251101,5,2025-11-01 23:02:55.902000,CMOS,10.0,82.45481462001113,1308.822631835938,54.86285018920898
20251101,5,2025-11-01 23:04:15.919000,CMOS,12.5,82.46282548100862,877.2010498046875,44.81548309326172
20251101,5,2025-11-01 23:05:34.949000,CMOS,15.0,82.4707350443848,660.696533203125,39.79604721069336
20251101,5,2025-11-01 22:58:59.476000,SWIR,2.5,82.4310755000572,12038.185546875,107.1623382568359
20251101,5,2025-11-01 23:00:15.975500,SWIR,5.0,82.4387392617556,9924.3310546875,77.76181030273438
20251101,5,2025-11-01 23:01:35.977500,SWIR,7.5,82.4467524965375,3218.8953857421875,31.11974048614502
20251101,5,2025-11-01 23:02:55.975000,SWIR,10.0,82.45476454838399,2105.38525390625,25.74003314971924
20251101,5,2025-11-01 23:04:15.977500,SWIR,12.5,82.4627754167804,1390.1483154296875,22.570484161376957
20251101,5,2025-11-01 23:05:35.977500,SWIR,15.0,82.47078510121148,1064.24462890625,21.095467567443848
20251102,6,2025-11-02 23:31:14.898000,CMOS,2.5,90.4436763130712,17762.337890625,208.35986328125
20251102,6,2025-11-02 23:32:34.899000,CMOS,5.0,90.45006744081176,10367.0361328125,162.6220245361328
20251102,6,2025-11-02 23:33:53.900000,CMOS,7.5,90.45637695555652,3343.667724609375,88.09770202636719
20251102,6,2025-11-02 23:35:14.867000,CMOS,10.0,90.46284442567926,2258.49609375,72.36752319335938
20251102,6,2025-11-02 23:36:36.415500,CMOS,12.5,90.46934999976784,1554.156799316406,60.47156524658204
20251102,6,2025-11-02 23:37:54.444500,CMOS,15.0,90.47557448448954,1246.784118652344,53.846784591674805
20251102,6,2025-11-02 23:31:17.476000,SWIR,2.5,90.44383611266962,12133.248046875,108.0184555053711
20251102,6,2025-11-02 23:32:34.977500,SWIR,5.0,90.4500275016839,11990.00634765625,95.32022476196288
20251102,6,2025-11-02 23:33:54.977000,SWIR,7.5,90.45641688370308,4656.5478515625,38.67610549926758
20251102,6,2025-11-02 23:35:14.978000,SWIR,10.0,90.46280450851722,3177.0244140625,33.86085891723633
20251102,6,2025-11-02 23:36:34.975500,SWIR,12.5,90.46919037561447,2175.33935546875,30.340420722961422
20251102,6,2025-11-02 23:37:54.974500,SWIR,15.0,90.47557448448954,1779.6455078125,28.93338298797607
20251103,7,2025-11-04 00:04:13.377500,CMOS,2.5,96.32371687567672,29150.5556640625,271.4171600341797
20251103,7,2025-11-04 00:05:30.390500,CMOS,5.0,96.32771890304517,19339.6435546875,237.4856262207031
20251103,7,2025-11-04 00:06:49.891000,CMOS,7.5,96.33184866404072,4561.3076171875,102.7543334960938
20251103,7,2025-11-04 00:08:09.924000,CMOS,10.0,96.33600213924232,2722.269775390625,79.3965835571289
20251103,7,2025-11-04 00:09:29.875000,CMOS,12.5,96.34015334787624,1799.142822265625,64.40291595458984
20251103,7,2025-11-04 00:10:49.954000,CMOS,15.0,96.3443022895506,1341.217529296875,55.32712554931641
20251103,7,2025-11-04 00:04:12.476000,SWIR,2.5,96.32363889330809,12127.783203125,113.4658966064453
20251103,7,2025-11-04 00:05:29.976000,SWIR,5.0,96.32766694211573,12005.1787109375,113.12237548828124
20251103,7,2025-11-04 00:06:49.977000,SWIR,7.5,96.33182269765057,6258.8525390625,42.689313888549805
20251103,7,2025-11-04 00:08:09.977000,SWIR,10.0,96.3359761870158,3870.813354492187,33.31410026550293
20251103,7,2025-11-04 00:09:29.975500,SWIR,12.5,96.340127409818,2476.4844970703125,27.584948539733887
20251103,7,2025-11-04 00:10:49.977500,SWIR,15.0,96.34427636566244,1848.825378417969,24.83583068847657
20251104,8,2025-11-05 00:38:11.399000,CMOS,2.5,99.4592817971955,42788.576171875,366.40435791015625
20251104,8,2025-11-05 00:39:27.946000,CMOS,5.0,99.46067114841058,25832.931640625,283.2781372070312
20251104,8,2025-11-05 00:40:48.416000,CMOS,7.5,99.4621305906522,6755.99169921875,126.1618537902832
20251104,8,2025-11-05 00:42:08.899000,CMOS,10.0,99.46358741304913,4037.9599609375,97.2946319580078
20251104,8,2025-11-05 00:43:27.383000,CMOS,12.5,99.4650055177184,2715.51220703125,79.84222412109375
20251104,8,2025-11-05 00:44:47.949000,CMOS,15.0,99.46645716480292,2275.3125,72.85263061523438
20251104,8,2025-11-05 00:38:09.974500,SWIR,2.5,99.45924544255575,12243.03662109375,101.02507400512695
20251104,8,2025-11-05 00:39:27.478000,SWIR,5.0,99.46065300221834,12112.1845703125,100.8692169189453
20251104,8,2025-11-05 00:40:48.477000,SWIR,7.5,99.46212153392936,8740.9384765625,49.97493743896484
20251104,8,2025-11-05 00:42:07.977000,SWIR,10.0,99.4635602911962,5333.8642578125,38.17854690551758
20251104,8,2025-11-05 00:43:27.978000,SWIR,12.5,99.4650055177184,3434.2835693359375,32.194862365722656
20251104,8,2025-11-05 00:44:48.475000,SWIR,15.0,99.46645716480292,2839.96923828125,30.59021949768066
20251105,9,2025-11-06 00:56:27.399000,CMOS,2.5,99.47944070838004,43868.443359375,366.8551177978515
20251105,9,2025-11-06 00:57:42.895000,CMOS,5.0,99.47809519660116,31056.970703125,312.1286926269531
20251105,9,2025-11-06 00:59:03.914000,CMOS,7.5,99.4766490665582,6471.994140625,122.6433563232422
20251105,9,2025-11-06 01:00:23.896000,CMOS,10.0,99.47521814752942,3820.685546875,94.11498260498048
20251105,9,2025-11-06 01:01:42.446000,CMOS,12.5,99.47381150564766,2512.914794921875,76.51787948608398
20251105,9,2025-11-06 01:03:03.961000,CMOS,15.0,99.4723484318008,1879.589477539062,65.53736114501953
20251105,9,2025-11-06 00:56:26.475000,SWIR,2.5,99.47946741675756,12182.03515625,111.5202026367188
20251105,9,2025-11-06 00:57:43.976000,SWIR,5.0,99.47808627807906,12051.4443359375,111.27878570556646
20251105,9,2025-11-06 00:59:03.977500,SWIR,7.5,99.47665800149323,8753.9990234375,49.41454124450683
20251105,9,2025-11-06 01:00:23.975500,SWIR,10.0,99.47522709887689,5327.385498046875,37.42982292175293
20251105,9,2025-11-06 01:01:43.977000,SWIR,12.5,99.47379357033456,3336.5540771484375,30.338283538818356
20251105,9,2025-11-06 01:03:03.977500,SWIR,15.0,99.47235741597116,2447.880859375,26.869598388671875
20251107,11,2025-11-08 01:54:52.910000,CMOS,2.5,90.37748664626557,21472.283203125,230.8054046630859
20251107,11,2025-11-08 01:56:09.894000,CMOS,5.0,90.3711758473226,13520.400390625,193.2436676025391
20251107,11,2025-11-08 01:57:30.936000,CMOS,7.5,90.36453533727057,3332.506591796875,88.00807189941406
20251107,11,2025-11-08 01:58:50.909000,CMOS,10.0,90.35797491991042,1970.308471679688,67.7844467163086
20251107,11,2025-11-08 02:00:11.943000,CMOS,12.5,90.35133058533256,1300.265014648438,54.79178237915039
20251107,11,2025-11-08 02:01:32.440500,CMOS,15.0,90.3447253595578,957.8430786132812,47.30208396911621
20251107,11,2025-11-08 01:54:53.474000,SWIR,2.5,90.37748664626557,12183.966796875,110.3690567016602
20251107,11,2025-11-08 01:56:10.976000,SWIR,5.0,90.37113486238688,12055.22607421875,110.03407287597656
20251107,11,2025-11-08 01:57:30.977000,SWIR,7.5,90.3645763339403,4987.34814453125,37.38995361328125
20251107,11,2025-11-08 01:58:50.976500,SWIR,10.0,90.35801592831008,3090.69287109375,31.62735939025879
20251107,11,2025-11-08 02:00:10.976000,SWIR,12.5,90.35145364601031,2002.5830078125,28.238051414489743
20251107,11,2025-11-08 02:01:30.977500,SWIR,15.0,90.34488948755288,1509.7210693359375,26.954340934753414
20251108,12,2025-11-09 02:28:05.096500,CMOS,2.5,82.10692967144237,13640.61474609375,182.1668014526367
20251108,12,2025-11-09 02:29:20.423500,CMOS,5.0,82.09914407625321,8920.1279296875,154.279541015625
20251108,12,2025-11-09 02:30:41.394000,CMOS,7.5,82.09073437187341,2110.213134765625,70.04243087768555
20251108,12,2025-11-09 02:32:00.907000,CMOS,10.0,82.08247912940267,1245.569946289062,53.88201904296875
20251108,12,2025-11-09 02:33:20.392000,CMOS,12.5,82.07422262594463,820.6301879882812,43.44967269897461
20251108,12,2025-11-09 02:34:40.939000,CMOS,15.0,82.06586098288105,613.24853515625,38.60359191894531
20251108,12,2025-11-09 02:28:06.974000,SWIR,2.5,82.10682587089812,12052.35546875,110.7818870544434
20251108,12,2025-11-09 02:29:21.477000,SWIR,5.0,82.09909216854123,11488.802734375,77.11094665527344
20251108,12,2025-11-09 02:30:40.977000,SWIR,7.5,82.09083820336974,3594.1015625,32.067832946777344
20251108,12,2025-11-09 02:32:00.975500,SWIR,10.0,82.08253105308214,2233.37451171875,26.32165050506592
20251108,12,2025-11-09 02:33:20.976500,SWIR,12.5,82.07422262594463,1449.2861328125,22.87280368804932
20251108,12,2025-11-09 02:34:40.977500,SWIR,15.0,82.06591292251605,1103.3593139648435,21.184155464172363
20251109,13,2025-11-10 03:01:35.422500,CMOS,2.5,72.27292295681119,9048.3876953125,146.86148834228516
20251109,13,2025-11-10 03:02:52.923000,CMOS,5.0,72.26383283725491,5994.01953125,124.1166000366211
20251109,13,2025-11-10 03:04:12.906000,CMOS,7.5,72.25444881695181,1393.336303710938,56.76176071166992
20251109,13,2025-11-10 03:05:32.943000,CMOS,10.0,72.24506411542887,834.6201782226562,43.77661895751953
20251109,13,2025-11-10 03:06:53.406000,CMOS,12.5,72.23562007241351,552.1547546386719,36.59532928466797
20251109,13,2025-11-10 03:08:12.968000,CMOS,15.0,72.22629267078786,413.6008911132812,31.31550788879395
20251109,13,2025-11-10 03:01:34.976000,SWIR,2.5,72.2730402444945,12011.03564453125,110.6285400390625
20251109,13,2025-11-10 03:02:53.476000,SWIR,5.0,72.26383283725491,8017.82421875,67.22013092041016
20251109,13,2025-11-10 03:04:12.974000,SWIR,7.5,72.25450746918116,2478.4576416015625,27.49208068847656
20251109,13,2025-11-10 03:05:32.477000,SWIR,10.0,72.24518142840262,1547.69189453125,23.32415008544922
20251109,13,2025-11-10 03:06:52.977500,SWIR,12.5,72.235737393943,1016.6201171875,21.010093688964844
20251109,13,2025-11-10 03:08:12.478000,SWIR,15.0,72.22641000076321,777.4358520507812,19.65882110595703
20251110,14,2025-11-11 03:34:00.405500,CMOS,2.5,61.60591834912123,5871.664794921875,117.3261070251465
20251110,14,2025-11-11 03:35:17.389500,CMOS,5.0,61.59644757403165,3945.491333007813,98.7514762878418
20251110,14,2025-11-11 03:36:37.890000,CMOS,7.5,61.58654615067669,918.3648071289062,46.08315277099609
20251110,14,2025-11-11 03:37:57.893000,CMOS,10.0,61.57670606676942,553.05712890625,36.58736419677734
20251110,14,2025-11-11 03:39:17.925000,CMOS,12.5,61.56686582370718,368.8602294921875,29.51799774169922
20251110,14,2025-11-11 03:40:37.939000,CMOS,15.0,61.55702542192591,279.3614501953125,25.91036987304688
20251110,14,2025-11-11 03:34:00.974000,SWIR,2.5,61.60591834912123,11963.57080078125,110.02006912231444
20251110,14,2025-11-11 03:35:17.978000,SWIR,5.0,61.59644757403165,5566.896240234375,51.72285842895508
20251110,14,2025-11-11 03:36:37.975500,SWIR,7.5,61.5866076506985,1779.6689453125,24.43414306640625
20251110,14,2025-11-11 03:37:57.976000,SWIR,10.0,61.576767567785225,1160.111145019531,21.143919944763184
20251110,14,2025-11-11 03:39:18.474000,SWIR,12.5,61.56686582370718,797.3790893554688,19.74328994750977
20251110,14,2025-11-11 03:40:38.476000,SWIR,15.0,61.55702542192591,640.9765625,18.93959045410156
20251114,18,2025-11-15 05:29:29.395000,CMOS,2.5,21.600302069511663,721.6705932617188,41.02396011352539
20251114,18,2025-11-15 05:30:47.393500,CMOS,5.0,21.593050714792895,517.4423828125,35.1929988861084
20251114,18,2025-11-15 05:32:06.894000,CMOS,7.5,21.58566094510985,143.2723999023438,19.45133399963379
20251114,18,2025-11-15 05:33:26.457500,CMOS,10.0,21.578272219672904,96.47361755371094,16.461653709411625
20251114,18,2025-11-15 05:34:47.392000,CMOS,12.5,21.570745158400783,71.37183380126953,14.57127285003662
20251114,18,2025-11-15 05:36:06.473500,CMOS,15.0,21.563404994982488,58.54945755004883,13.501823902130123
20251114,18,2025-11-15 05:29:29.976000,SWIR,2.5,21.600302069511663,2121.505615234375,27.936470031738285
20251114,18,2025-11-15 05:30:46.976000,SWIR,5.0,21.593143674519283,1144.6312255859375,22.099950790405273
20251114,18,2025-11-15 05:32:06.977000,SWIR,7.5,21.58570741840816,692.6279907226562,19.479646682739254
20251114,18,2025-11-15 05:33:26.977000,SWIR,10.0,21.578272219672904,624.88916015625,19.143869400024418
20251114,18,2025-11-15 05:34:46.976500,SWIR,12.5,21.57083807847495,574.164794921875,18.863383293151855
20251114,18,2025-11-15 05:36:06.974000,SWIR,15.0,21.563404994982488,540.8964538574219,18.67695713043213
