date,date_idx,time,cam,exp_time,X,m_s,m_i,bg_mean,bg_rms
20251027,0.0,2025-10-27 20:16:59.904000,CMOS,1.0,2.392532663301775,2.5,32.33285434831932,1726.39482343995,66.38987302696403
20251027,0.0,2025-10-27 20:18:16.886000,CMOS,1.0,2.2385626640155913,5.0,32.340942066016076,1034.392536213947,51.9904830012343
20251027,0.0,2025-10-27 20:19:37.372500,CMOS,1.0,2.1081614462703433,7.5,32.349398115892534,302.1978161590476,28.242161035223365
20251027,0.0,2025-10-27 20:20:57.902000,CMOS,1.0,1.996114600193749,10.0,32.357854889930174,189.4475835196146,23.040710380773582
20251027,0.0,2025-10-27 20:22:17.887000,CMOS,1.0,1.8991183365551378,12.5,32.3662598546921,131.76336350568963,19.686053342893395
20251027,0.0,2025-10-27 20:23:37.456000,CMOS,1.0,1.8145623194765303,15.0,32.37461299658685,101.42598531994915,17.601832286652332
20251027,0.0,2025-10-27 20:17:00.974000,SWIR,1.0,2.392532663301775,2.5,32.33290686384237,4108.819114606206,37.87406315347321
20251027,0.0,2025-10-27 20:18:17.977500,SWIR,1.0,2.2385626640155913,5.0,32.340994585842914,1837.6708540357347,27.53614486721503
20251027,0.0,2025-10-27 20:19:37.976500,SWIR,1.0,2.1081614462703433,7.5,32.349398115892534,927.7056524865886,21.62154445279589
20251027,0.0,2025-10-27 20:20:57.975500,SWIR,1.0,1.996114600193749,10.0,32.35780236116439,750.8939761679796,20.651927046493935
20251027,0.0,2025-10-27 20:22:17.975500,SWIR,1.0,1.8991183365551378,12.5,32.366207321457566,647.8963769248301,20.050696059565933
20251027,0.0,2025-10-27 20:23:37.978000,SWIR,1.0,1.8145623194765303,15.0,32.37461299658685,573.4211337479084,19.69786741469776
20251029,2.0,2025-10-29 21:21:14.906000,CMOS,1.0,1.7630422162464703,2.5,52.24903451692789,4774.954736052527,108.25326011997524
20251029,2.0,2025-10-29 21:22:28.904000,CMOS,1.0,1.679720098108433,5.0,52.25776995622768,2959.065779063333,86.46128555607582
20251029,2.0,2025-10-29 21:23:48.922000,CMOS,1.0,1.6074741544757267,7.5,52.267213856965114,791.6929094832797,43.79219420832107
20251029,2.0,2025-10-29 21:25:10.404000,CMOS,1.0,1.544337995158699,10.0,52.27683502559442,477.5416145361765,34.43235992973427
20251029,2.0,2025-10-29 21:26:29.888000,CMOS,1.0,1.4887213939884099,12.5,52.28622028100668,323.1459612910717,28.21923583757268
20251029,2.0,2025-10-29 21:27:50.938000,CMOS,1.0,1.439814442766137,15.0,52.29578280847028,242.1802756365211,24.76670861748131
20251029,2.0,2025-10-29 21:21:17.973000,SWIR,1.0,1.7630422162464703,2.5,52.24932963047168,11214.526161686053,66.08244664851964
20251029,2.0,2025-10-29 21:22:30.477000,SWIR,1.0,1.679720098108433,5.0,52.257888003818614,4591.749542178051,44.384371572365595
20251029,2.0,2025-10-29 21:23:49.477000,SWIR,1.0,1.6074741544757267,7.5,52.267213856965114,1761.1907959762539,24.69237698991583
20251029,2.0,2025-10-29 21:25:10.477000,SWIR,1.0,1.544337995158699,10.0,52.27677599941784,1256.0867837359292,21.97075785738335
20251029,2.0,2025-10-29 21:26:29.977000,SWIR,1.0,1.4887213939884099,12.5,52.286161253663906,967.94906287842,21.110069660067353
20251029,2.0,2025-10-29 21:27:49.475000,SWIR,1.0,1.439814442766137,15.0,52.295546694354286,826.9846245532968,20.22590470106568
20251030,3.0,2025-10-30 21:54:07.895000,CMOS,1.0,1.5350058700426807,2.5,62.72636705903779,6547.553645237903,126.32005555087974
20251030,3.0,2025-10-30 21:55:23.877000,CMOS,1.0,1.4754915206650365,5.0,62.73535188738181,4304.013958168761,105.12619253408779
20251030,3.0,2025-10-30 21:56:44.898000,CMOS,1.0,1.4234317994469614,7.5,62.74492764476182,1013.9906162124611,49.453822300817016
20251030,3.0,2025-10-30 21:58:04.880000,CMOS,1.0,1.3775052035440838,10.0,62.754385002161094,608.3982105308581,38.88113703207677
20251030,3.0,2025-10-30 21:59:25.944000,CMOS,1.0,1.337048057209793,12.5,62.76396039314201,402.61675927279197,31.207519642118044
20251030,3.0,2025-10-30 22:00:44.941000,CMOS,1.0,1.3013118289140502,15.0,62.773299176590406,303.12052970624933,27.21232766014498
20251030,3.0,2025-10-30 21:55:24.978000,SWIR,1.0,1.4754915206650365,5.0,62.73541099755592,6553.444001472727,59.69807172636853
20251030,3.0,2025-10-30 21:56:44.977500,SWIR,1.0,1.4234317994469614,7.5,62.7448685357072,2096.909019560893,26.057405505225535
20251030,3.0,2025-10-30 21:58:04.478000,SWIR,1.0,1.3775052035440838,10.0,62.75426678630407,1376.5986663525719,22.791735998741526
20251030,3.0,2025-10-30 21:59:24.976000,SWIR,1.0,1.337048057209793,12.5,62.76378307276141,973.5811416645648,21.00872899892423
20251030,3.0,2025-10-30 22:00:44.977000,SWIR,1.0,1.3013118289140502,15.0,62.77324007091643,783.4893994333034,19.87223763648142
20251031,4.0,2025-10-31 22:26:41.918000,CMOS,1.0,1.3556256061308007,2.5,72.97381128721125,9620.411461797841,153.34465705339943
20251031,4.0,2025-10-31 22:27:59.945000,CMOS,1.0,1.3138385025870611,5.0,72.98260009879543,6360.405450243619,129.5396280688028
20251031,4.0,2025-10-31 22:29:19.902000,CMOS,1.0,1.27705987342366,7.5,72.99161363266025,1488.1412608054657,59.422838649690405
20251031,4.0,2025-10-31 22:30:40.903000,CMOS,1.0,1.2446707970789102,10.0,73.00073918333351,893.0333683100037,45.65523047998285
20251031,4.0,2025-10-31 22:31:59.918000,CMOS,1.0,1.216164195604099,12.5,73.00963877900631,653.4783449266727,39.90222580020249
20251031,4.0,2025-10-31 22:33:19.932000,CMOS,1.0,1.1912028368236132,15.0,73.01865039057098,514.7850865493301,35.44429999098235
20251031,4.0,2025-10-31 22:27:59.976500,SWIR,1.0,1.3138385025870611,5.0,72.98254376218176,8743.960465719749,74.98282780317199
20251031,4.0,2025-10-31 22:29:19.976500,SWIR,1.0,1.27705987342366,7.5,72.99155730004864,2738.549852557381,28.816942036065402
20251031,4.0,2025-10-31 22:30:39.978000,SWIR,1.0,1.2446707970789102,10.0,73.00057019761223,1759.6094808105915,24.44714149358152
20251031,4.0,2025-10-31 22:31:59.977500,SWIR,1.0,1.216164195604099,12.5,73.00958245440575,1248.7997234603197,21.842710939248406
20251031,4.0,2025-10-31 22:33:19.976500,SWIR,1.0,1.1912028368236132,15.0,73.01859406997761,1064.146288990151,21.264444787653023
20251101,5.0,2025-11-01 22:58:59.400000,CMOS,1.0,1.2193600826995759,2.5,82.43112559349039,13387.53060917024,181.19766395388737
20251101,5.0,2025-11-01 23:00:15.899000,CMOS,1.0,1.1905779363438858,5.0,82.43878934816891,8241.344104312737,148.326892050299
20251101,5.0,2025-11-01 23:01:36.899000,CMOS,1.0,1.1654307785269724,7.5,82.44690273341553,2149.1093506461984,70.97486280137288
20251101,5.0,2025-11-01 23:02:55.902000,CMOS,1.0,1.143454639229403,10.0,82.45481462001113,1321.5076196701616,55.3945758564407
20251101,5.0,2025-11-01 23:04:15.919000,CMOS,1.0,1.1244430589239274,12.5,82.46282548100862,884.5713723858923,45.19202683668681
20251101,5.0,2025-11-01 23:05:34.949000,CMOS,1.0,1.1081219718481963,15.0,82.4707350443848,665.5170551302108,40.086403991075485
20251101,5.0,2025-11-01 23:00:15.975500,SWIR,1.0,1.1905779363438858,5.0,82.4387392617556,10011.814669646767,78.44728564949305
20251101,5.0,2025-11-01 23:01:35.977500,SWIR,1.0,1.1654307785269724,7.5,82.4467524965375,3243.5117674911444,31.35772753447489
20251101,5.0,2025-11-01 23:02:55.975000,SWIR,1.0,1.143454639229403,10.0,82.45476454838399,2119.340168887363,25.910643242835885
20251101,5.0,2025-11-01 23:04:15.977500,SWIR,1.0,1.1244430589239274,12.5,82.4627754167804,1398.1378692184978,22.700202764237744
20251101,5.0,2025-11-01 23:05:35.977500,SWIR,1.0,1.1081219718481963,15.0,82.47078510121148,1069.5569311611696,21.20076807531889
20251102,6.0,2025-11-02 23:31:14.898000,CMOS,1.0,1.1206608452549354,2.5,90.4436763130712,17907.024343659272,210.05709760696237
20251102,6.0,2025-11-02 23:32:34.899000,CMOS,1.0,1.1016448620880446,5.0,90.45006744081176,10438.1285766316,163.73721281125526
20251102,6.0,2025-11-02 23:33:53.900000,CMOS,1.0,1.0853068735972062,7.5,90.45637695555652,3362.900933777682,88.60445140156662
20251102,6.0,2025-11-02 23:35:14.867000,CMOS,1.0,1.0715124724262035,10.0,90.46284442567926,2269.38148836614,72.71631682179749
20251102,6.0,2025-11-02 23:36:36.415500,CMOS,1.0,1.0600781556536405,12.5,90.46934999976784,1560.4473316790625,60.71632712541655
20251102,6.0,2025-11-02 23:37:54.444500,CMOS,1.0,1.0508049656629086,15.0,90.47557448448954,1251.0502863953532,54.03103414382508
20251102,6.0,2025-11-02 23:33:54.977000,SWIR,1.0,1.0853068735972062,7.5,90.45641688370308,4674.877204273701,38.828344454345384
20251102,6.0,2025-11-02 23:35:14.978000,SWIR,1.0,1.0715124724262035,10.0,90.46280450851722,3187.5044639710845,33.972555726939596
20251102,6.0,2025-11-02 23:36:34.975500,SWIR,1.0,1.0600781556536405,12.5,90.46919037561447,2181.366203117763,30.424479834402838
20251102,6.0,2025-11-02 23:37:54.974500,SWIR,1.0,1.0508049656629086,15.0,90.47557448448954,1783.814139235843,29.00115637822588
20251103,7.0,2025-11-04 00:04:13.377500,CMOS,1.0,1.0547695081389756,2.5,96.32371687567672,29258.09914728696,272.4184838900042
20251103,7.0,2025-11-04 00:05:30.390500,CMOS,1.0,1.0430339631315522,5.0,96.32771890304517,19395.682092688472,238.173764409601
20251103,7.0,2025-11-04 00:06:49.891000,CMOS,1.0,1.033551482144071,7.5,96.33184866404072,4571.608858387655,102.98639352416907
20251103,7.0,2025-11-04 00:08:09.924000,CMOS,1.0,1.0261803664416542,10.0,96.33600213924232,2727.065869672547,79.53646444029664
20251103,7.0,2025-11-04 00:09:29.875000,CMOS,1.0,1.0208533987722639,12.5,96.34015334787624,1801.6671487515116,64.49327786721877
20251103,7.0,2025-11-04 00:10:49.954000,CMOS,1.0,1.0175130160558155,15.0,96.3443022895506,1342.7977379003528,55.3923113956754
20251103,7.0,2025-11-04 00:06:49.977000,SWIR,1.0,1.033551482144071,7.5,96.33182269765057,6268.530584837625,42.755324252485295
20251103,7.0,2025-11-04 00:08:09.977000,SWIR,1.0,1.0261803664416542,10.0,96.3359761870158,3875.4830167017767,33.354289647115905
20251103,7.0,2025-11-04 00:09:29.975500,SWIR,1.0,1.0208533987722639,12.5,96.340127409818,2478.86389290415,27.611452041657564
20251103,7.0,2025-11-04 00:10:49.977500,SWIR,1.0,1.0175130160558155,15.0,96.34427636566244,1850.3170652847675,24.855868969482714
20251104,8.0,2025-11-05 00:38:11.399000,CMOS,1.0,1.0168911385666723,2.5,99.4592817971955,42837.19807279227,366.8207138158635
20251104,8.0,2025-11-05 00:39:27.946000,CMOS,1.0,1.0107012739599948,5.0,99.46067114841058,25851.525261236617,283.48203068238536
20251104,8.0,2025-11-05 00:40:48.416000,CMOS,1.0,1.0065276145439916,7.5,99.4621305906522,6758.95746913475,126.21723678173377
20251104,8.0,2025-11-05 00:42:08.899000,CMOS,1.0,1.0043082892199326,10.0,99.46358741304913,4039.1298058783677,97.3228193680046
20251104,8.0,2025-11-05 00:43:27.383000,CMOS,1.0,1.0040111529600095,12.5,99.4650055177184,2716.2446572065064,79.86375981918376
20251104,8.0,2025-11-05 00:44:47.949000,CMOS,1.0,1.005647854137327,15.0,99.46645716480292,2276.176682616842,72.88030065043564
20251104,8.0,2025-11-05 00:40:48.477000,SWIR,1.0,1.0065276145439916,7.5,99.46212153392936,8743.566465465201,49.98996255112584
20251104,8.0,2025-11-05 00:42:07.977000,SWIR,1.0,1.0043082892199326,10.0,99.4635602911962,5334.922623075547,38.18612243535586
20251104,8.0,2025-11-05 00:43:27.978000,SWIR,1.0,1.0040111529600095,12.5,99.4650055177184,3434.9180102353403,32.20080996353253
20251104,8.0,2025-11-05 00:44:48.475000,SWIR,1.0,1.005647854137327,15.0,99.46645716480292,2840.7079913059824,30.5981768434422
20251105,9.0,2025-11-06 00:56:27.399000,CMOS,1.0,1.0060509869169458,2.5,99.47944070838004,43886.294473459566,367.00439987988636
20251105,9.0,2025-11-06 00:57:42.895000,CMOS,1.0,1.00346589135325,5.0,99.47809519660116,31064.20877981164,312.2014367279452
20251105,9.0,2025-11-06 00:59:03.914000,CMOS,1.0,1.0028161571875787,7.5,99.4766490665582,6473.21970086777,122.66658051323431
20251105,9.0,2025-11-06 01:00:23.896000,CMOS,1.0,1.0041319716072488,10.0,99.47521814752942,3821.7471385214403,94.14113280187905
20251105,9.0,2025-11-06 01:01:42.446000,CMOS,1.0,1.0074236074934217,12.5,99.47381150564766,2514.1693787759746,76.55608137671202
20251105,9.0,2025-11-06 01:03:03.961000,CMOS,1.0,1.0127069632008685,15.0,99.4723484318008,1881.1960075849513,65.59337749383715
20251105,9.0,2025-11-06 00:59:03.977500,SWIR,1.0,1.0028161571875787,7.5,99.47665800149323,8755.134392959895,49.420950174179076
20251105,9.0,2025-11-06 01:00:23.975500,SWIR,1.0,1.0041319716072488,10.0,99.47522709887689,5328.399312451426,37.43694590800046
20251105,9.0,2025-11-06 01:01:43.977000,SWIR,1.0,1.0074236074934217,12.5,99.47379357033456,3337.694939088709,30.34865705359507
20251105,9.0,2025-11-06 01:03:03.977500,SWIR,1.0,1.0127069632008685,15.0,99.47235741597116,2449.3137228388696,26.885326468603758
20251107,11.0,2025-11-08 01:54:52.910000,CMOS,1.0,1.0631937452163465,2.5,90.37748664626557,21563.710065748055,231.7881512962767
20251107,11.0,2025-11-08 01:56:09.894000,CMOS,1.0,1.0624535185241237,5.0,90.3711758473226,13577.293169147317,194.05682171514766
20251107,11.0,2025-11-08 01:57:30.936000,CMOS,1.0,1.0637701385748095,7.5,90.36453533727057,3346.8257766189886,88.38622684454384
20251107,11.0,2025-11-08 01:58:50.909000,CMOS,1.0,1.067276205215122,10.0,90.35797491991042,1979.2410504431982,68.09175388061176
20251107,11.0,2025-11-08 02:00:11.943000,CMOS,1.0,1.072983850583555,12.5,90.35133058533256,1306.6612316625033,55.061312149417454
20251107,11.0,2025-11-08 02:01:32.440500,CMOS,1.0,1.0809611145019526,15.0,90.3447253595578,963.071275714528,47.56027304393659
20251107,11.0,2025-11-08 01:57:30.977000,SWIR,1.0,1.0637701385748095,7.5,90.3645763339403,5002.016133949308,37.49991895519199
20251107,11.0,2025-11-08 01:58:50.976500,SWIR,1.0,1.067276205215122,10.0,90.35801592831008,3100.283254220492,31.725498709333998
20251107,11.0,2025-11-08 02:00:10.976000,SWIR,1.0,1.072983850583555,12.5,90.35145364601031,2009.3250742346365,28.333120042119894
20251107,11.0,2025-11-08 02:01:30.977500,SWIR,1.0,1.0809611145019526,15.0,90.34488948755288,1515.3604153316244,27.05502499997855
20251108,12.0,2025-11-09 02:28:05.096500,CMOS,1.0,1.118737441272137,2.5,82.10692967144237,13749.948658512372,183.62692692984854
20251108,12.0,2025-11-09 02:29:20.423500,CMOS,1.0,1.1156081199284154,5.0,82.09914407625321,8989.73397077011,155.4834237575305
20251108,12.0,2025-11-09 02:30:41.394000,CMOS,1.0,1.11457175857938,7.5,82.09073437187341,2126.531485479439,70.58407140350718
20251108,12.0,2025-11-09 02:32:00.907000,CMOS,1.0,1.1158890330521232,10.0,82.08247912940267,1255.313156637334,54.30349986553462
20251108,12.0,2025-11-09 02:33:20.392000,CMOS,1.0,1.1195307250362918,12.5,82.07422262594463,827.2519245728414,43.800271898844734
20251108,12.0,2025-11-09 02:34:40.939000,CMOS,1.0,1.1255033457353083,15.0,82.06586098288105,618.445191534012,38.930718019783036
20251108,12.0,2025-11-09 02:30:40.977000,SWIR,1.0,1.11457175857938,7.5,82.09083820336974,3613.114964482929,32.23747717856538
20251108,12.0,2025-11-09 02:32:00.975500,SWIR,1.0,1.1158890330521232,10.0,82.08253105308214,2245.325642111841,26.462501703867023
20251108,12.0,2025-11-09 02:33:20.976500,SWIR,1.0,1.1195307250362918,12.5,82.07422262594463,1457.2858609924826,22.999056336215776
20251108,12.0,2025-11-09 02:34:40.977500,SWIR,1.0,1.1255033457353083,15.0,82.06591292251605,1109.7548005358587,21.30694681606893
20251109,13.0,2025-11-10 03:01:35.422500,CMOS,1.0,1.1908356391627548,2.5,72.27292295681119,9165.234920608198,148.7579983055444
20251109,13.0,2025-11-10 03:02:52.923000,CMOS,1.0,1.1826009463813012,5.0,72.26383283725491,6068.063283557328,125.64980471545582
20251109,13.0,2025-11-10 03:04:12.906000,CMOS,1.0,1.1768063692406476,7.5,72.25444881695181,1409.9986566412315,57.44055196070561
20251109,13.0,2025-11-10 03:05:32.943000,CMOS,1.0,1.1734980536062587,10.0,72.24506411542887,844.4132189662573,44.29027322116438
20251109,13.0,2025-11-10 03:06:53.406000,CMOS,1.0,1.1726533975036872,12.5,72.23562007241351,558.6017545373057,37.022619065669886
20251109,13.0,2025-11-10 03:08:12.968000,CMOS,1.0,1.1743040325251495,15.0,72.22629267078786,418.476566290874,31.684666291901173
20251109,13.0,2025-11-10 03:02:53.476000,SWIR,1.0,1.1826009463813012,5.0,72.26383283725491,8085.531056121165,67.78777400513299
20251109,13.0,2025-11-10 03:04:12.974000,SWIR,1.0,1.1768063692406476,7.5,72.25450746918116,2498.7202035007194,27.716841433762852
20251109,13.0,2025-11-10 03:05:32.477000,SWIR,1.0,1.1734980536062587,10.0,72.24518142840262,1560.1073007918958,23.511253733157364
20251109,13.0,2025-11-10 03:06:52.977500,SWIR,1.0,1.1726533975036872,12.5,72.235737393943,1024.7354659863638,21.177810455237836
20251109,13.0,2025-11-10 03:08:12.478000,SWIR,1.0,1.1743040325251495,15.0,72.22641000076321,783.7014408562756,19.817257443985152
20251110,14.0,2025-11-11 03:34:00.405500,CMOS,1.0,1.2841224850224338,2.5,61.60591834912123,5984.910096030669,119.5889457228658
20251110,14.0,2025-11-11 03:35:17.389500,CMOS,1.0,1.268175992958776,5.0,61.59644757403165,4017.2775031303217,100.54820822268137
20251110,14.0,2025-11-11 03:36:37.890000,CMOS,1.0,1.2550008501740382,7.5,61.58654615067669,934.2460224072937,46.88006535320948
20251110,14.0,2025-11-11 03:37:57.893000,CMOS,1.0,1.2447316570342633,10.0,61.57670606676942,562.2327752726852,37.19437692259378
20251110,14.0,2025-11-11 03:39:17.925000,CMOS,1.0,1.237212988436535,12.5,61.56686582370718,374.7903941170195,29.992558488583434
20251110,14.0,2025-11-11 03:40:37.939000,CMOS,1.0,1.232370856184575,15.0,61.55702542192591,283.76034631684246,26.31836111687192
20251110,14.0,2025-11-11 03:35:17.978000,SWIR,1.0,1.268175992958776,5.0,61.59644757403165,5636.073479841228,52.365594419762864
20251110,14.0,2025-11-11 03:36:37.975500,SWIR,1.0,1.2550008501740382,7.5,61.5866076506985,1800.6911876837091,24.722770048985076
20251110,14.0,2025-11-11 03:37:57.976000,SWIR,1.0,1.2447316570342633,10.0,61.576767567785225,1173.2599126121693,21.38356637049109
20251110,14.0,2025-11-11 03:39:18.474000,SWIR,1.0,1.237212988436535,12.5,61.56686582370718,806.137459210794,19.96014920282456
20251110,14.0,2025-11-11 03:40:38.476000,SWIR,1.0,1.232370856184575,15.0,61.55702542192591,647.872531063024,19.143352694422216
20251114,18.0,2025-11-15 05:29:29.395000,CMOS,1.0,2.150680355690316,2.5,21.600302069511663,779.7203612852181,44.32384705672497
20251114,18.0,2025-11-15 05:30:47.393500,CMOS,1.0,2.0452655393384735,5.0,21.593050714792895,555.1160086921738,37.755309044028834
20251114,18.0,2025-11-15 05:32:06.894000,CMOS,1.0,1.9531633641177975,7.5,21.58566094510985,152.75481405611268,20.738711086592154
20251114,18.0,2025-11-15 05:33:26.457500,CMOS,1.0,1.8725108916738258,10.0,21.578272219672904,102.30241405314226,17.456243027707362
20251114,18.0,2025-11-15 05:34:47.392000,CMOS,1.0,1.801611629342322,12.5,21.570745158400783,75.32409372337126,15.378166194819704
20251114,18.0,2025-11-15 05:36:06.473500,CMOS,1.0,1.7395258239857336,15.0,21.563404994982488,61.53426674602297,14.190137164657829
20251114,18.0,2025-11-15 05:29:29.976000,SWIR,1.0,2.150680355690316,2.5,21.600302069511663,2236.9578075528707,29.456770844351414
20251114,18.0,2025-11-15 05:30:46.976000,SWIR,1.0,2.0452655393384735,5.0,21.593143674519283,1201.0771370496493,23.189779407503355
20251114,18.0,2025-11-15 05:32:06.977000,SWIR,1.0,1.9531633641177975,7.5,21.58570741840816,723.7078871628701,20.35374563585811
20251114,18.0,2025-11-15 05:33:26.977000,SWIR,1.0,1.8725108916738258,10.0,21.578272219672904,650.5088493057083,19.928744565763914
20251114,18.0,2025-11-15 05:34:46.976500,SWIR,1.0,1.801611629342322,12.5,21.57083807847495,595.7565044724644,19.572748786838375
20251114,18.0,2025-11-15 05:36:06.974000,SWIR,1.0,1.7395258239857336,15.0,21.563404994982488,559.6347202416005,19.3239826294164
20260919,102.0,2026-09-19 21:42:35.635,SWIR,0.1,2.022781180820189,2.5,59.92438668717814,13308.697593983268,75.84623679524773
20260920,103.0,2026-09-20 21:57:17.686,SWIR,0.1,1.7544186609835015,2.5,69.11546465608403,17603.161766597605,82.70250678865216
20260921,104.0,2026-09-21 22:43:09.784000,SWIR,0.1,1.6208632825631295,2.5,77.87853605787106,15454.6103747307,78.96756633398422
20260922,105.0,2026-09-22 22:59:07.586000,SWIR,0.1,1.431226680325494,2.5,85.52987127562109,26420.308769283296,95.89269540390656
20260922,105.0,2026-09-22 23:02:27.585000,SWIR,0.1,1.3771757459076637,5.0,85.54606227982396,9712.574127954449,70.34150640124348
20260923,106.0,2026-09-23 20:44:35.787000,SWIR,0.1,1.5944561592614317,2.5,91.31600599051868,29098.358134496928,99.61861222486151
20260923,106.0,2026-09-23 20:47:55.586000,SWIR,0.1,1.5148458570477843,5.0,91.32924245921048,11456.24044587492,72.39266657307303
20260928,111.0,2026-09-29 01:11:24.586500,SWIR,0.1,1.0946554609392225,2.5,93.07866428126684,43676.73475454457,121.76246041877194
20260928,111.0,2026-09-29 01:14:44.633000,SWIR,0.1,1.0810618219255534,5.0,93.06532968892697,15299.308628862684,79.76100840864257
